label,class_fraction
0,0.8873458288821987
1,0.11265417111780131
