label,mean_trust,median_trust,mean_noise,samples
0,0.8055865734353717,0.9219813528349187,0.11434527264707262,15857
1,0.42909463118175856,0.4137964044136583,0.2475576919073494,5256
