Noise_Level,Accuracy_Before,Accuracy_After
0.1,0.5008497208060209,0.5009711094925953
0.2,0.08679291090070405,0.08703568827385287
0.3,0.09237679048312697,0.09225540179655256
