sample_index,true_label,predicted_label,confidence,rank
70,1,2,0.9533333333333334,1
77,1,2,0.9533333333333334,2
83,1,2,0.9533333333333334,3
106,2,1,0.9533333333333334,4
119,2,1,0.9533333333333334,5
133,2,1,0.9533333333333334,6
134,2,1,0.9533333333333334,7
