dataset,n_samples,accuracy,n_disagreements,disagreement_rate,estimated_noise_rate
digits,500,0.976,12,0.024,0.024
iris,150,0.9533333333333334,7,0.04666666666666667,0.04666666666666667
synthetic_noisy,300,0.5566666666666666,133,0.44333333333333336,0.44333333333333336
